fonte	corpo_pt	mancha_mm	caracteres
Lora	12.00	98.7	50
Lora	12.00	105.0	53
Lora	12.00	110.0	56
Lora	12.00	144.0	73
Lora	12.00	164.0	83
Luciole	12.00	98.7	47
Luciole	12.00	105.0	50
Luciole	12.00	110.0	52
Luciole	12.00	144.0	68
Luciole	12.00	164.0	78
NEWJUNE-Regular	12.00	98.7	48
NEWJUNE-Regular	12.00	105.0	52
NEWJUNE-Regular	12.00	110.0	54
NEWJUNE-Regular	12.00	144.0	71
NEWJUNE-Regular	12.00	164.0	81
NEWJUNE-Medium	12.00	98.7	48
NEWJUNE-Medium	12.00	105.0	51
NEWJUNE-Medium	12.00	110.0	54
NEWJUNE-Medium	12.00	144.0	71
NEWJUNE-Medium	12.00	164.0	80
NEWJUNE-Light	12.00	98.7	50
NEWJUNE-Light	12.00	105.0	53
NEWJUNE-Light	12.00	110.0	56
NEWJUNE-Light	12.00	144.0	73
NEWJUNE-Light	12.00	164.0	83
Lora	11.00	98.7	54
Lora	11.00	105.0	58
Lora	11.00	110.0	61
Lora	11.00	144.0	80
Lora	11.00	164.0	91
Luciole	11.00	98.7	51
Luciole	11.00	105.0	54
Luciole	11.00	110.0	57
Luciole	11.00	144.0	75
Luciole	11.00	164.0	85
NEWJUNE-Light	10.95	98.7	55
NEWJUNE-Light	10.95	105.0	58
NEWJUNE-Light	10.95	110.0	61
NEWJUNE-Light	10.95	144.0	80
NEWJUNE-Light	10.95	164.0	91
NEWJUNE-Regular	10.00	98.7	58
NEWJUNE-Regular	10.00	105.0	62
NEWJUNE-Regular	10.00	110.0	65
NEWJUNE-Regular	10.00	144.0	85
NEWJUNE-Regular	10.00	164.0	97
NEWJUNE-Regular	8.00	98.7	73
NEWJUNE-Regular	8.00	105.0	78
NEWJUNE-Regular	8.00	110.0	81
NEWJUNE-Regular	8.00	144.0	107
NEWJUNE-Regular	8.00	164.0	122
Luciole	10.95	98.7	51
Luciole	10.95	105.0	55
Luciole	10.95	110.0	57
Luciole	10.95	144.0	75
Luciole	10.95	164.0	86
Luciole	10.00	98.7	56
Luciole	10.00	105.0	60
Luciole	10.00	110.0	63
Luciole	10.00	144.0	82
Luciole	10.00	164.0	94
Luciole	8.00	98.7	70
Luciole	8.00	105.0	75
Luciole	8.00	110.0	79
Luciole	8.00	144.0	103
Luciole	8.00	164.0	117
