fonte	corpo_pt	altura_x_mm	maiuscula_mm	eme_pt	x_eme	maiusc_eme	x_maiusc	mm_por_car	car80_mm	car70_mm	car60_mm	car45_mm	rnib	face
Lora	12.00	2.109	2.952	12.00	0.500	0.700	0.714	1.9611	156.9	137.3	117.7	88.2	minimo	name:Lora:mode=node;script=latn;language=dflt; at 12.0pt
Luciole	12.00	2.299	3.218	12.00	0.545	0.763	0.714	2.0874	167.0	146.1	125.2	93.9	minimo	[Luciole-Regular.ttf]:mode=node;script=latn;language=dflt; at 12.0pt
NEWJUNE-Regular	12.00	2.294	3.138	12.00	0.544	0.744	0.731	2.0149	161.2	141.0	120.9	90.7	minimo	[NEWJUNE-REGULAR.OTF]:mode=node;script=latn;language=dflt; at 12.0pt
NEWJUNE-Medium	12.00	2.303	3.138	12.00	0.546	0.744	0.734	2.0273	162.2	141.9	121.6	91.2	meta	[NEWJUNE-MEDIUM.OTF]:mode=node;script=latn;language=dflt; at 12.0pt
NEWJUNE-Light	12.00	2.294	3.138	12.00	0.544	0.744	0.731	1.9577	156.6	137.0	117.5	88.1	minimo	[NEWJUNE-LIGHT.OTF]:mode=node;script=latn;language=dflt; at 12.0pt
NEWJUNE-Serif	12.00	2.142	3.138	12.00	0.508	0.744	0.683	2.0055	160.4	140.4	120.3	90.2	minimo	[NEWJUNESERIF-REGULAR.OTF]:mode=node;script=latn;language=dflt; at 12.0pt
Lora	11.00	1.933	2.706	11.00	0.500	0.700	0.714	1.7977	143.8	125.8	107.9	80.9	ABAIXO	name:Lora:mode=node;script=latn;language=dflt; at 11.0pt
Luciole	11.00	2.107	2.950	11.00	0.545	0.763	0.714	1.9134	153.1	133.9	114.8	86.1	minimo	[Luciole-Regular.ttf]:mode=node;script=latn;language=dflt; at 11.0pt
NEWJUNE-Light	10.95	2.094	2.863	10.95	0.544	0.744	0.731	1.7864	142.9	125.0	107.2	80.4	minimo	[NEWJUNE-LIGHT.OTF]:mode=node;script=latn;language=dflt; at 10.95pt
NEWJUNE-Regular	10.00	1.912	2.615	10.00	0.544	0.744	0.731	1.6791	134.3	117.5	100.7	75.6	ABAIXO	[NEWJUNE-REGULAR.OTF]:mode=node;script=latn;language=dflt; at 10.0pt
NEWJUNE-Regular	8.00	1.530	2.092	8.00	0.544	0.744	0.731	1.3433	107.5	94.0	80.6	60.4	ABAIXO	[NEWJUNE-REGULAR.OTF]:mode=node;script=latn;language=dflt; at 8.0pt
Luciole	10.95	2.097	2.936	10.95	0.545	0.763	0.714	1.9047	152.4	133.3	114.3	85.7	minimo	[Luciole-Regular.ttf]:mode=node;script=latn;language=dflt; at 10.95pt
Luciole	10.00	1.915	2.682	10.00	0.545	0.763	0.714	1.7395	139.2	121.8	104.4	78.3	ABAIXO	[Luciole-Regular.ttf]:mode=node;script=latn;language=dflt; at 10.0pt
Luciole	8.00	1.532	2.145	8.00	0.545	0.763	0.714	1.3916	111.3	97.4	83.5	62.6	ABAIXO	[Luciole-Regular.ttf]:mode=node;script=latn;language=dflt; at 8.0pt
